text_entry,speaker,play_name
uh,HENRY,
like,,HENRY
all,,
get,,
there,,
his,,
about,,
if,HENRY,
go,,HENRY
what,HENRY,
just,,HENRY
yeah,HENRY,HENRY
think,HENRY,HENRY
my,HENRY,HENRY
would,HENRY,HENRY
more,HENRY,HENRY
time,HENRY,HENRY
can,HENRY,HENRY
when,HENRY,HENRY
who,HENRY,HENRY
out,HENRY,HENRY
use,HENRY,HENRY
which,HENRY,HENRY
their,HENRY,HENRY
make,HENRY,HENRY
no,HENRY,HENRY
other,HENRY,HENRY
she,HENRY,HENRY
up,HENRY,HENRY
well,HENRY,HENRY
see,HENRY,HENRY
year,HENRY,HENRY
will,HENRY,HENRY
than,HENRY,HENRY
some,HENRY,HENRY
because,HENRY,HENRY
new,HENRY,HENRY
me,HENRY,HENRY
s,HENRY,HENRY
her,HENRY,HENRY
them,HENRY,HENRY
people,HENRY,HENRY
also,HENRY,HENRY
right,HENRY,HENRY
these,HENRY,HENRY
take,HENRY,HENRY
its,HENRY,HENRY
now,HENRY,HENRY
then,HENRY,HENRY
could,HENRY,HENRY
thing,HENRY,HENRY
only,HENRY,HENRY
um,HENRY,HENRY
really,HENRY,HENRY
work,HENRY,HENRY
into,HENRY,HENRY
how,HENRY,HENRY
your,HENRY,HENRY
OH,HENRY,HENRY
most,HENRY,HENRY
come,HENRY,HENRY
good,HENRY,HENRY
after,HENRY,HENRY
even,HENRY,HENRY
show,HENRY,HENRY
much,HENRY,HENRY
our,HENRY,HENRY
way,HENRY,HENRY
here,HENRY,HENRY
where,HENRY,HENRY
over,HENRY,HENRY
him,HENRY,HENRY
mean,HENRY,HENRY
want,HENRY,HENRY
May,HENRY,HENRY
cell,HENRY,HENRY
find,HENRY,HENRY
any,HENRY,HENRY
day,HENRY,HENRY
first,HENRY,HENRY
state,HENRY,HENRY
give,HENRY,HENRY
those,HENRY,HENRY
too,HENRY,HENRY
very,HENRY,HENRY
look,HENRY,HENRY
many,HENRY,HENRY
should,HENRY,HENRY
such,HENRY,HENRY
back,HENRY,HENRY
call,HENRY,HENRY
need,HENRY,HENRY
last,HENRY,HENRY
lot,HENRY,HENRY
study,HENRY,HENRY
little,HENRY,HENRY
gene,HENRY,HENRY
still,HENRY,HENRY
report,HENRY,HENRY
between,HENRY,HENRY
something,HENRY,HENRY
both,HENRY,HENRY
each,HENRY,HENRY
before,HENRY,HENRY
include,HENRY,HENRY
kind,HENRY,HENRY
same,HENRY,HENRY
through,HENRY,HENRY
try,HENRY,HENRY
while,HENRY,HENRY
c,HENRY,HENRY
down,HENRY,HENRY
tell,HENRY,HENRY
result,HENRY,HENRY
change,HENRY,HENRY
seem,HENRY,HENRY
off,HENRY,HENRY
point,HENRY,HENRY
data,HENRY,HENRY
number,HENRY,HENRY
US,HENRY,HENRY
house,HENRY,HENRY
American,HENRY,HENRY
case,HENRY,HENRY
never,HENRY,HENRY
since,HENRY,HENRY
part,HENRY,HENRY
life,HENRY,HENRY
p,HENRY,HENRY
might,HENRY,HENRY
week,HENRY,HENRY
end,HENRY,HENRY
group,HENRY,HENRY
world,HENRY,HENRY
story,HENRY,HENRY
okay,HENRY,HENRY
company,HENRY,HENRY
man,HENRY,HENRY
child,HENRY,HENRY
place,HENRY,HENRY
another,HENRY,HENRY
different,HENRY,HENRY
service,HENRY,HENRY
home,HENRY,HENRY
start,HENRY,HENRY
around,HENRY,HENRY
why,HENRY,HENRY
CA,HENRY,HENRY
play,HENRY,HENRY
family,HENRY,HENRY
put,HENRY,HENRY
system,HENRY,HENRY
name,HENRY,HENRY
woman,HENRY,HENRY
school,HENRY,HENRY
own,HENRY,HENRY
though,HENRY,HENRY
long,HENRY,HENRY
talk,HENRY,HENRY
figure,HENRY,HENRY
write,HENRY,HENRY
feel,HENRY,HENRY
book,HENRY,HENRY
problem,HENRY,HENRY
during,HENRY,HENRY
increase,HENRY,HENRY
leave,HENRY,HENRY
set,HENRY,HENRY
program,HENRY,HENRY
become,HENRY,HENRY
run,HENRY,HENRY
help,HENRY,HENRY
live,HENRY,HENRY
lead,HENRY,HENRY
big,HENRY,HENRY
protein,HENRY,HENRY
president,HENRY,HENRY
keep,HENRY,HENRY
York,HENRY,HENRY
level,HENRY,HENRY
u,HENRY,HENRY
under,HENRY,HENRY
word,HENRY,HENRY
b,HENRY,HENRY
information,HENRY,HENRY
however,HENRY,HENRY
government,HENRY,HENRY
question,HENRY,HENRY
provide,HENRY,HENRY
sequence,HENRY,HENRY
analysis,HENRY,HENRY
percent,HENRY,HENRY
every,HENRY,HENRY
probably,HENRY,HENRY
high,HENRY,HENRY
patient,HENRY,HENRY
city,HENRY,HENRY
love,HENRY,HENRY
always,HENRY,HENRY
t,HENRY,HENRY
control,HENRY,HENRY
better,HENRY,HENRY
few,HENRY,HENRY
less,HENRY,HENRY
pay,HENRY,HENRY
against,HENRY,HENRY
great,HENRY,HENRY
actually,HENRY,HENRY
old,HENRY,HENRY
Clinton,HENRY,HENRY
ask,HENRY,HENRY
money,HENRY,HENRY
e,HENRY,HENRY
sure,HENRY,HENRY
news,HENRY,HENRY
course,HENRY,HENRY
test,HENRY,HENRY
country,HENRY,HENRY
least,HENRY,HENRY
site,HENRY,HENRY
let,HENRY,HENRY
turn,HENRY,HENRY
real,HENRY,HENRY
line,HENRY,HENRY
issue,HENRY,HENRY
pretty,HENRY,HENRY
expression,HENRY,HENRY
ye,HENRY,HENRY
today,HENRY,HENRY
effect,HENRY,HENRY
m,HENRY,HENRY
without,HENRY,HENRY
follow,HENRY,HENRY
next,HENRY,HENRY
best,HENRY,HENRY
month,HENRY,HENRY
read,HENRY,HENRY
human,HENRY,HENRY
base,HENRY,HENRY
area,HENRY,HENRY
move,HENRY,HENRY
fact,HENRY,HENRY
watch,HENRY,HENRY
post,HENRY,HENRY
d,HENRY,HENRY
again,HENRY,HENRY
guess,HENRY,HENRY
public,HENRY,HENRY
small,HENRY,HENRY
movie,HENRY,HENRY
plan,HENRY,HENRY
example,HENRY,HENRY
ever,HENRY,HENRY
whether,HENRY,HENRY
cost,HENRY,HENRY
care,HENRY,HENRY
must,HENRY,HENRY
maybe,HENRY,HENRY
once,HENRY,HENRY
although,HENRY,HENRY
anything,HENRY,HENRY
either,HENRY,HENRY
national,HENRY,HENRY
second,HENRY,HENRY
several,HENRY,HENRY
happen,HENRY,HENRY
business,HENRY,HENRY
hour,HENRY,HENRY
suggest,HENRY,HENRY
enough,HENRY,HENRY
type,HENRY,HENRY
hear,HENRY,HENRY
buy,HENRY,HENRY
value,HENRY,HENRY
until,HENRY,HENRY
far,HENRY,HENRY
support,HENRY,HENRY
begin,HENRY,HENRY
guy,HENRY,HENRY
kid,HENRY,HENRY
rate,HENRY,HENRY
law,HENRY,HENRY
believe,HENRY,HENRY
note,HENRY,HENRY
important,HENRY,HENRY
among,HENRY,HENRY
friend,HENRY,HENRY
stuff,HENRY,HENRY
bad,HENRY,HENRY
present,HENRY,HENRY
away,HENRY,HENRY
united,HENRY,HENRY
consider,HENRY,HENRY
order,HENRY,HENRY
bring,HENRY,HENRY
market,HENRY,HENRY
model,HENRY,HENRY
white,HENRY,HENRY
job,HENRY,HENRY
yet,HENRY,HENRY
require,HENRY,HENRY
car,HENRY,HENRY
war,HENRY,HENRY
whole,HENRY,HENRY
form,HENRY,HENRY
idea,HENRY,HENRY
describe,HENRY,HENRY
night,HENRY,HENRY
age,HENRY,HENRY
center,HENRY,HENRY
early,HENRY,HENRY
hand,HENRY,HENRY
within,HENRY,HENRY
add,HENRY,HENRY
reason,HENRY,HENRY
ago,HENRY,HENRY
open,HENRY,HENRY
activity,HENRY,HENRY
contain,HENRY,HENRY
general,HENRY,HENRY
office,HENRY,HENRY
head,HENRY,HENRY
member,HENRY,HENRY
often,HENRY,HENRY
hold,HENRY,HENRY
major,HENRY,HENRY
lose,HENRY,HENRY
federal,HENRY,HENRY
table,HENRY,HENRY
difference,HENRY,HENRY
water,HENRY,HENRY
rule,HENRY,HENRY
allow,HENRY,HENRY
street,HENRY,HENRY
sort,HENRY,HENRY
almost,HENRY,HENRY
rather,HENRY,HENRY
Washington,HENRY,HENRY
drug,HENRY,HENRY
grow,HENRY,HENRY
standard,HENRY,HENRY
large,HENRY,HENRY
one,HENRY,HENRY
n,HENRY,HENRY
true,HENRY,HENRY
bill,HENRY,HENRY
term,HENRY,HENRY
power,HENRY,HENRY
fall,HENRY,HENRY
side,HENRY,HENRY
process,HENRY,HENRY
hard,HENRY,HENRY
AL,HENRY,HENRY
act,HENRY,HENRY
method,HENRY,HENRY
official,HENRY,HENRY
bit,HENRY,HENRY
involve,HENRY,HENRY
identify,HENRY,HENRY
health,HENRY,HENRY
someone,HENRY,HENRY
appear,HENRY,HENRY
person,HENRY,HENRY
remember,HENRY,HENRY
possible,HENRY,HENRY
force,HENRY,HENRY
angel,HENRY,HENRY
expect,HENRY,HENRY
minute,HENRY,HENRY
kill,HENRY,HENRY
cause,HENRY,HENRY
security,HENRY,HENRY
already,HENRY,HENRY
tax,HENRY,HENRY
spend,HENRY,HENRY
death,HENRY,HENRY
determine,HENRY,HENRY
deal,HENRY,HENRY
Bush,HENRY,HENRY
game,HENRY,HENRY
sound,HENRY,HENRY
able,HENRY,HENRY
legal,HENRY,HENRY
similar,HENRY,HENRY
else,HENRY,HENRY
th,HENRY,HENRY
sample,HENRY,HENRY
close,HENRY,HENRY
remain,HENRY,HENRY
region,HENRY,HENRY
compare,HENRY,HENRY
g,HENRY,HENRY
everything,HENRY,HENRY
room,HENRY,HENRY
design,HENRY,HENRY
black,HENRY,HENRY
along,HENRY,HENRY
later,HENRY,HENRY
offer,HENRY,HENRY
response,HENRY,HENRY
drive,HENRY,HENRY
individual,HENRY,HENRY
accord,HENRY,HENRY
continue,HENRY,HENRY
stop,HENRY,HENRY
interest,HENRY,HENRY
meet,HENRY,HENRY
product,HENRY,HENRY
review,HENRY,HENRY
agency,HENRY,HENRY
Buffy,HENRY,HENRY
risk,HENRY,HENRY
record,HENRY,HENRY
win,HENRY,HENRY
team,HENRY,HENRY
John,HENRY,HENRY
page,HENRY,HENRY
function,HENRY,HENRY
past,HENRY,HENRY
face,HENRY,HENRY
cover,HENRY,HENRY
measure,HENRY,HENRY
class,HENRY,HENRY
season,HENRY,HENRY
top,HENRY,HENRY
paper,HENRY,HENRY
h,HENRY,HENRY
cut,HENRY,HENRY
fig,HENRY,HENRY
role,HENRY,HENRY
subject,HENRY,HENRY
list,HENRY,HENRY
view,HENRY,HENRY
nothing,HENRY,HENRY
together,HENRY,HENRY
send,HENRY,HENRY
nice,HENRY,HENRY
develop,HENRY,HENRY
stock,HENRY,HENRY
treatment,HENRY,HENRY
party,HENRY,HENRY
answer,HENRY,HENRY
sense,HENRY,HENRY
factor,HENRY,HENRY
recent,HENRY,HENRY
likely,HENRY,HENRY
town,HENRY,HENRY
matter,HENRY,HENRY
student,HENRY,HENRY
total,HENRY,HENRY
department,HENRY,HENRY
express,HENRY,HENRY
sometime,HENRY,HENRY
receive,HENRY,HENRY
build,HENRY,HENRY
single,HENRY,HENRY
court,HENRY,HENRY
air,HENRY,HENRY
significant,HENRY,HENRY
quite,HENRY,HENRY
history,HENRY,HENRY
create,HENRY,HENRY
political,HENRY,HENRY
learn,HENRY,HENRY
break,HENRY,HENRY
agree,HENRY,HENRY
f,HENRY,HENRY
half,HENRY,HENRY
especially,HENRY,HENRY
couple,HENRY,HENRY
local,HENRY,HENRY
understand,HENRY,HENRY
die,HENRY,HENRY
estimate,HENRY,HENRY
available,HENRY,HENRY
l,HENRY,HENRY
parent,HENRY,HENRY
visit,HENRY,HENRY
art,HENRY,HENRY
mother,HENRY,HENRY
research,HENRY,HENRY
produce,HENRY,HENRY
culture,HENRY,HENRY
young,HENRY,HENRY
perform,HENRY,HENRY
sell,HENRY,HENRY
America,HENRY,HENRY
sit,HENRY,HENRY
free,HENRY,HENRY
position,HENRY,HENRY
film,HENRY,HENRY
interview,HENRY,HENRY
development,HENRY,HENRY
evidence,HENRY,HENRY
price,HENRY,HENRY
hope,HENRY,HENRY
piece,HENRY,HENRY
miss,HENRY,HENRY
current,HENRY,HENRY
front,HENRY,HENRY
university,HENRY,HENRY
associate,HENRY,HENRY
republican,HENRY,HENRY
experience,HENRY,HENRY
carry,HENRY,HENRY
instead,HENRY,HENRY
executive,HENRY,HENRY
policy,HENRY,HENRY
section,HENRY,HENRY
mouse,HENRY,HENRY
organization,HENRY,HENRY
stay,HENRY,HENRY
action,HENRY,HENRY
reduce,HENRY,HENRY
benefit,HENRY,HENRY
century,HENRY,HENRY
hit,HENRY,HENRY
event,HENRY,HENRY
computer,HENRY,HENRY
food,HENRY,HENRY
file,HENRY,HENRY
indicate,HENRY,HENRY
across,HENRY,HENRY
COM,HENRY,HENRY
approach,HENRY,HENRY
interesting,HENRY,HENRY
further,HENRY,HENRY
additional,HENRY,HENRY
walk,HENRY,HENRY
disease,HENRY,HENRY
DNA,HENRY,HENRY
low,HENRY,HENRY
claim,HENRY,HENRY
explain,HENRY,HENRY
attack,HENRY,HENRY
comment,HENRY,HENRY
sign,HENRY,HENRY
thus,HENRY,HENRY
girl,HENRY,HENRY
wall,HENRY,HENRY
mind,HENRY,HENRY
charge,HENRY,HENRY
amount,HENRY,HENRY
pass,HENRY,HENRY
raise,HENRY,HENRY
usually,HENRY,HENRY
serve,HENRY,HENRY
everyone,HENRY,HENRY
music,HENRY,HENRY
concern,HENRY,HENRY
south,HENRY,HENRY
DE,HENRY,HENRY
community,HENRY,HENRY
share,HENRY,HENRY
language,HENRY,HENRY
former,HENRY,HENRY
population,HENRY,HENRY
star,HENRY,HENRY
average,HENRY,HENRY
higher,HENRY,HENRY
anyone,HENRY,HENRY
article,HENRY,HENRY
effort,HENRY,HENRY
observe,HENRY,HENRY
clear,HENRY,HENRY
financial,HENRY,HENRY
body,HENRY,HENRY
eat,HENRY,HENRY
per,HENRY,HENRY
English,HENRY,HENRY
step,HENRY,HENRY
k,HENRY,HENRY
decide,HENRY,HENRY
toward,HENRY,HENRY
late,HENRY,HENRY
whose,HENRY,HENRY
specific,HENRY,HENRY
spike,HENRY,HENRY
decision,HENRY,HENRY
structure,HENRY,HENRY
wrong,HENRY,HENRY
address,HENRY,HENRY
full,HENRY,HENRY
v,HENRY,HENRY
perhaps,HENRY,HENRY
recently,HENRY,HENRY
north,HENRY,HENRY
Texas,HENRY,HENRY
wait,HENRY,HENRY
condition,HENRY,HENRY
character,HENRY,HENRY
morning,HENRY,HENRY
enjoy,HENRY,HENRY
building,HENRY,HENRY
above,HENRY,HENRY
boy,HENRY,HENRY
relate,HENRY,HENRY
fund,HENRY,HENRY
reach,HENRY,HENRY
return,HENRY,HENRY
signal,HENRY,HENRY
MM,HENRY,HENRY
speak,HENRY,HENRY
technology,HENRY,HENRY
nation,HENRY,HENRY
college,HENRY,HENRY
addition,HENRY,HENRY
summer,HENRY,HENRY
whatever,HENRY,HENRY
feature,HENRY,HENRY
practice,HENRY,HENRY
represent,HENRY,HENRY
CD,HENRY,HENRY
growth,HENRY,HENRY
himself,HENRY,HENRY
source,HENRY,HENRY
future,HENRY,HENRY
gonna,HENRY,HENRY
stand,HENRY,HENRY
pick,HENRY,HENRY
period,HENRY,HENRY
project,HENRY,HENRY
unit,HENRY,HENRY
wonder,HENRY,HENRY
director,HENRY,HENRY
common,HENRY,HENRY
campaign,HENRY,HENRY
west,HENRY,HENRY
social,HENRY,HENRY
performance,HENRY,HENRY
vote,HENRY,HENRY
light,HENRY,HENRY
dollar,HENRY,HENRY
cancer,HENRY,HENRY
outside,HENRY,HENRY
certain,HENRY,HENRY
fun,HENRY,HENRY
target,HENRY,HENRY
management,HENRY,HENRY
complete,HENRY,HENRY
picture,HENRY,HENRY
domain,HENRY,HENRY
final,HENRY,HENRY
plant,HENRY,HENRY
occur,HENRY,HENRY
island,HENRY,HENRY
god,HENRY,HENRY
leader,HENRY,HENRY
size,HENRY,HENRY
lower,HENRY,HENRY
wear,HENRY,HENRY
suppose,HENRY,HENRY
press,HENRY,HENRY
fight,HENRY,HENRY
TV,HENRY,HENRY
account,HENRY,HENRY
itself,HENRY,HENRY
etc,HENRY,HENRY
third,HENRY,HENRY
mention,HENRY,HENRY
release,HENRY,HENRY
link,HENRY,HENRY
blood,HENRY,HENRY
experiment,HENRY,HENRY
anyway,HENRY,HENRY
heart,HENRY,HENRY
obtain,HENRY,HENRY
board,HENRY,HENRY
church,HENRY,HENRY
park,HENRY,HENRY
father,HENRY,HENRY
choose,HENRY,HENRY
mile,HENRY,HENRY
William,HENRY,HENRY
complex,HENRY,HENRY
potential,HENRY,HENRY
administration,HENRY,HENRY
save,HENRY,HENRY
quality,HENRY,HENRY
short,HENRY,HENRY
y,HENRY,HENRY
lie,HENRY,HENRY
industry,HENRY,HENRY
special,HENRY,HENRY
eye,HENRY,HENRY
concentration,HENRY,HENRY
store,HENRY,HENRY
Congress,HENRY,HENRY
space,HENRY,HENRY
rest,HENRY,HENRY
LA,HENRY,HENRY
affect,HENRY,HENRY
except,HENRY,HENRY
relationship,HENRY,HENRY
exactly,HENRY,HENRY
behind,HENRY,HENRY
animal,HENRY,HENRY
focus,HENRY,HENRY
check,HENRY,HENRY
field,HENRY,HENRY
July,HENRY,HENRY
tissue,HENRY,HENRY
w,HENRY,HENRY
o,HENRY,HENRY
fire,HENRY,HENRY
NYT,HENRY,HENRY
military,HENRY,HENRY
date,HENRY,HENRY
x,HENRY,HENRY
international,HENRY,HENRY
lack,HENRY,HENRY
particular,HENRY,HENRY
treat,HENRY,HENRY
episode,HENRY,HENRY
budget,HENRY,HENRY
wife,HENRY,HENRY
player,HENRY,HENRY
WO,HENRY,HENRY
normal,HENRY,HENRY
trial,HENRY,HENRY
bear,HENRY,HENRY
finally,HENRY,HENRY
economic,HENRY,HENRY
due,HENRY,HENRY
mark,HENRY,HENRY
personal,HENRY,HENRY
red,HENRY,HENRY
slate,HENRY,HENRY
therefore,HENRY,HENRY
journal,HENRY,HENRY
themselves,HENRY,HENRY
catch,HENRY,HENRY
moment,HENRY,HENRY
j,HENRY,HENRY
private,HENRY,HENRY
acid,HENRY,HENRY
main,HENRY,HENRY
committee,HENRY,HENRY
author,HENRY,HENRY
r,HENRY,HENRY
association,HENRY,HENRY
letter,HENRY,HENRY
stage,HENRY,HENRY
material,HENRY,HENRY
RNA,HENRY,HENRY
foot,HENRY,HENRY
lawyer,HENRY,HENRY
near,HENRY,HENRY
medical,HENRY,HENRY
happy,HENRY,HENRY
road,HENRY,HENRY
husband,HENRY,HENRY
rise,HENRY,HENRY
pattern,HENRY,HENRY
museum,HENRY,HENRY
trade,HENRY,HENRY
longer,HENRY,HENRY
please,HENRY,HENRY
reaction,HENRY,HENRY
sex,HENRY,HENRY
inside,HENRY,HENRY
direct,HENRY,HENRY
media,HENRY,HENRY
score,HENRY,HENRY
establish,HENRY,HENRY
fine,HENRY,HENRY
receptor,HENRY,HENRY
central,HENRY,HENRY
bank,HENRY,HENRY
newspaper,HENRY,HENRY
publish,HENRY,HENRY
fail,HENRY,HENRY
range,HENRY,HENRY
east,HENRY,HENRY
exist,HENRY,HENRY
Los,HENRY,HENRY
senate,HENRY,HENRY
previously,HENRY,HENRY
search,HENRY,HENRY
aid,HENRY,HENRY
worth,HENRY,HENRY
situation,HENRY,HENRY
son,HENRY,HENRY
ml,HENRY,HENRY
British,HENRY,HENRY
French,HENRY,HENRY
chance,HENRY,HENRY
strong,HENRY,HENRY
chief,HENRY,HENRY
series,HENRY,HENRY
apply,HENRY,HENRY
soon,HENRY,HENRY
nearly,HENRY,HENRY
poor,HENRY,HENRY
assume,HENRY,HENRY
dog,HENRY,HENRY
web,HENRY,HENRY
credit,HENRY,HENRY
detail,HENRY,HENRY
magazine,HENRY,HENRY
GAO,HENRY,HENRY
capital,HENRY,HENRY
improve,HENRY,HENRY
discussion,HENRY,HENRY
drop,HENRY,HENRY
network,HENRY,HENRY
Monday,HENRY,HENRY
cannot,HENRY,HENRY
candidate,HENRY,HENRY
independent,HENRY,HENRY
genome,HENRY,HENRY
worker,HENRY,HENRY
define,HENRY,HENRY
despite,HENRY,HENRY
choice,HENRY,HENRY
internet,HENRY,HENRY
phone,HENRY,HENRY
tree,HENRY,HENRY
education,HENRY,HENRY
Tuesday,HENRY,HENRY
various,HENRY,HENRY
version,HENRY,HENRY
limit,HENRY,HENRY
cluster,HENRY,HENRY
loss,HENRY,HENRY
sale,HENRY,HENRY
count,HENRY,HENRY
Sunday,HENRY,HENRY
easy,HENRY,HENRY
key,HENRY,HENRY
middle,HENRY,HENRY
myself,HENRY,HENRY
attempt,HENRY,HENRY
beach,HENRY,HENRY
pair,HENRY,HENRY
television,HENRY,HENRY
difficult,HENRY,HENRY
clone,HENRY,HENRY
earlier,HENRY,HENRY
original,HENRY,HENRY
alone,HENRY,HENRY
economy,HENRY,HENRY
rock,HENRY,HENRY
judge,HENRY,HENRY
Mr,HENRY,HENRY
demonstrate,HENRY,HENRY
scene,HENRY,HENRY
employee,HENRY,HENRY
everybody,HENRY,HENRY
huh,HENRY,HENRY
travel,HENRY,HENRY
door,HENRY,HENRY
image,HENRY,HENRY
detect,HENRY,HENRY
operation,HENRY,HENRY
attention,HENRY,HENRY
San,HENRY,HENRY
crime,HENRY,HENRY
dead,HENRY,HENRY
collection,HENRY,HENRY
plus,HENRY,HENRY
camp,HENRY,HENRY
presence,HENRY,HENRY
greater,HENRY,HENRY
binding,HENRY,HENRY
certainly,HENRY,HENRY
hospital,HENRY,HENRY
client,HENRY,HENRY
challenge,HENRY,HENRY
song,HENRY,HENRY
species,HENRY,HENRY
land,HENRY,HENRY
police,HENRY,HENRY
depend,HENRY,HENRY
editor,HENRY,HENRY
particularly,HENRY,HENRY
box,HENRY,HENRY
sport,HENRY,HENRY
mail,HENRY,HENRY
ability,HENRY,HENRY
argue,HENRY,HENRY
meeting,HENRY,HENRY
discuss,HENRY,HENRY
draw,HENRY,HENRY
distribution,HENRY,HENRY
seek,HENRY,HENRY
baby,HENRY,HENRY
staff,HENRY,HENRY
wish,HENRY,HENRY
brain,HENRY,HENRY
demand,HENRY,HENRY
cat,HENRY,HENRY
simply,HENRY,HENRY
St,HENRY,HENRY
notice,HENRY,HENRY
relative,HENRY,HENRY
antibody,HENRY,HENRY
hot,HENRY,HENRY
authority,HENRY,HENRY
evil,HENRY,HENRY
block,HENRY,HENRY
positive,HENRY,HENRY
reveal,HENRY,HENRY
agent,HENRY,HENRY
realize,HENRY,HENRY
production,HENRY,HENRY
procedure,HENRY,HENRY
propose,HENRY,HENRY
Friday,HENRY,HENRY
justice,HENRY,HENRY
California,HENRY,HENRY
cool,HENRY,HENRY
funny,HENRY,HENRY
throw,HENRY,HENRY
card,HENRY,HENRY
generally,HENRY,HENRY
favorite,HENRY,HENRY
March,HENRY,HENRY
foreign,HENRY,HENRY
George,HENRY,HENRY
bar,HENRY,HENRY
comparison,HENRY,HENRY
statement,HENRY,HENRY
somebody,HENRY,HENRY
generate,HENRY,HENRY
spot,HENRY,HENRY
access,HENRY,HENRY
rights,HENRY,HENRY
element,HENRY,HENRY
papers,HENRY,HENRY
click,HENRY,HENRY
adult,HENRY,HENRY
arm,HENRY,HENRY
green,HENRY,HENRY
degree,HENRY,HENRY
decrease,HENRY,HENRY
popular,HENRY,HENRY
gun,HENRY,HENRY
examine,HENRY,HENRY
predict,HENRY,HENRY
primary,HENRY,HENRY
daily,HENRY,HENRY
Wednesday,HENRY,HENRY
society,HENRY,HENRY
upon,HENRY,HENRY
race,HENRY,HENRY
refer,HENRY,HENRY
hate,HENRY,HENRY
prepare,HENRY,HENRY
tend,HENRY,HENRY
writer,HENRY,HENRY
column,HENRY,HENRY
fan,HENRY,HENRY
resource,HENRY,HENRY
AD,HENRY,HENRY
previous,HENRY,HENRY
color,HENRY,HENRY
significantly,HENRY,HENRY
corporate,HENRY,HENRY
imagine,HENRY,HENRY
Angeles,HENRY,HENRY
pressure,HENRY,HENRY
weight,HENRY,HENRY
doctor,HENRY,HENRY
king,HENRY,HENRY
Thursday,HENRY,HENRY
mutation,HENRY,HENRY
select,HENRY,HENRY
entire,HENRY,HENRY
Robert,HENRY,HENRY
code,HENRY,HENRY
opportunity,HENRY,HENRY
forget,HENRY,HENRY
worry,HENRY,HENRY
defense,HENRY,HENRY
document,HENRY,HENRY
completely,HENRY,HENRY
manager,HENRY,HENRY
probe,HENRY,HENRY
China,HENRY,HENRY
energy,HENRY,HENRY
firm,HENRY,HENRY
interaction,HENRY,HENRY
multiple,HENRY,HENRY
title,HENRY,HENRY
background,HENRY,HENRY
equal,HENRY,HENRY
repeat,HENRY,HENRY
critic,HENRY,HENRY
regard,HENRY,HENRY
maintain,HENRY,HENRY
investigation,HENRY,HENRY
modern,HENRY,HENRY
avoid,HENRY,HENRY
hair,HENRY,HENRY
Michael,HENRY,HENRY
reference,HENRY,HENRY
speech,HENRY,HENRY
surprise,HENRY,HENRY
unless,HENRY,HENRY
manage,HENRY,HENRY
influence,HENRY,HENRY
goal,HENRY,HENRY
theory,HENRY,HENRY
mostly,HENRY,HENRY
strain,HENRY,HENRY
listen,HENRY,HENRY
below,HENRY,HENRY
prove,HENRY,HENRY
accept,HENRY,HENRY
huge,HENRY,HENRY
indeed,HENRY,HENRY
fear,HENRY,HENRY
beyond,HENRY,HENRY
brother,HENRY,HENRY
sleep,HENRY,HENRY
daughter,HENRY,HENRY
requirement,HENRY,HENRY
strategy,HENRY,HENRY
mine,HENRY,HENRY
sorry,HENRY,HENRY
tumor,HENRY,HENRY
feeling,HENRY,HENRY
mutant,HENRY,HENRY
Gore,HENRY,HENRY
hotel,HENRY,HENRY
investment,HENRY,HENRY
window,HENRY,HENRY
finish,HENRY,HENRY
election,HENRY,HENRY
highly,HENRY,HENRY
option,HENRY,HENRY
recognize,HENRY,HENRY
protect,HENRY,HENRY
OK,HENRY,HENRY
style,HENRY,HENRY
conduct,HENRY,HENRY
weekend,HENRY,HENRY
tour,HENRY,HENRY
club,HENRY,HENRY
older,HENRY,HENRY
thanks,HENRY,HENRY
June,HENRY,HENRY
contrast,HENRY,HENRY
male,HENRY,HENRY
pull,HENRY,HENRY
commission,HENRY,HENRY
clearly,HENRY,HENRY
basis,HENRY,HENRY
WP,HENRY,HENRY
effective,HENRY,HENRY
contact,HENRY,HENRY
training,HENRY,HENRY
apparently,HENRY,HENRY
natural,HENRY,HENRY
union,HENRY,HENRY
directly,HENRY,HENRY
separate,HENRY,HENRY
cold,HENRY,HENRY
display,HENRY,HENRY
fill,HENRY,HENRY
message,HENRY,HENRY
match,HENRY,HENRY
dress,HENRY,HENRY
profile,HENRY,HENRY
strike,HENRY,HENRY
reflect,HENRY,HENRY
channel,HENRY,HENRY
regulation,HENRY,HENRY
nuclear,HENRY,HENRY
hill,HENRY,HENRY
fly,HENRY,HENRY
necessary,HENRY,HENRY
quote,HENRY,HENRY
democrat,HENRY,HENRY
bind,HENRY,HENRY
none,HENRY,HENRY
income,HENRY,HENRY
volume,HENRY,HENRY
analyze,HENRY,HENRY
WWW,HENRY,HENRY
intelligence,HENRY,HENRY
senior,HENRY,HENRY
property,HENRY,HENRY
serious,HENRY,HENRY
join,HENRY,HENRY
solution,HENRY,HENRY
female,HENRY,HENRY
remove,HENRY,HENRY
western,HENRY,HENRY
reform,HENRY,HENRY
ground,HENRY,HENRY
marry,HENRY,HENRY
appropriate,HENRY,HENRY
purpose,HENRY,HENRY
category,HENRY,HENRY
impact,HENRY,HENRY
band,HENRY,HENRY
collect,HENRY,HENRY
software,HENRY,HENRY
screen,HENRY,HENRY
novel,HENRY,HENRY
science,HENRY,HENRY
voice,HENRY,HENRY
ratio,HENRY,HENRY
alternative,HENRY,HENRY
sister,HENRY,HENRY
decline,HENRY,HENRY
hey,HENRY,HENRY
river,HENRY,HENRY
shot,HENRY,HENRY
clinical,HENRY,HENRY
decade,HENRY,HENRY
train,HENRY,HENRY
min,HENRY,HENRY
length,HENRY,HENRY
shop,HENRY,HENRY
conservative,HENRY,HENRY
transcript,HENRY,HENRY
teacher,HENRY,HENRY
simple,HENRY,HENRY
copy,HENRY,HENRY
infection,HENRY,HENRY
fish,HENRY,HENRY
nature,HENRY,HENRY
trip,HENRY,HENRY
gain,HENRY,HENRY
square,HENRY,HENRY
induce,HENRY,HENRY
initial,HENRY,HENRY
prevent,HENRY,HENRY
attorney,HENRY,HENRY
lake,HENRY,HENRY
instance,HENRY,HENRY
overall,HENRY,HENRY
achieve,HENRY,HENRY
generation,HENRY,HENRY
blue,HENRY,HENRY
calculate,HENRY,HENRY
library,HENRY,HENRY
stick,HENRY,HENRY
label,HENRY,HENRY
dear,HENRY,HENRY
restaurant,HENRY,HENRY
possibility,HENRY,HENRY
CDNA,HENRY,HENRY
enter,HENRY,HENRY
fold,HENRY,HENRY
sept,HENRY,HENRY
European,HENRY,HENRY
Chinese,HENRY,HENRY
officer,HENRY,HENRY
reader,HENRY,HENRY
insurance,HENRY,HENRY
conclusion,HENRY,HENRY
investor,HENRY,HENRY
fix,HENRY,HENRY
variety,HENRY,HENRY
behavior,HENRY,HENRY
trouble,HENRY,HENRY
teach,HENRY,HENRY
respond,HENRY,HENRY
cycle,HENRY,HENRY
station,HENRY,HENRY
temperature,HENRY,HENRY
reduction,HENRY,HENRY
MHM,HENRY,HENRY
respect,HENRY,HENRY
phase,HENRY,HENRY
accounting,HENRY,HENRY
assay,HENRY,HENRY
debate,HENRY,HENRY
surface,HENRY,HENRY
knowledge,HENRY,HENRY
consistent,HENRY,HENRY
majority,HENRY,HENRY
mRNA,HENRY,HENRY
career,HENRY,HENRY
larger,HENRY,HENRY
cox,HENRY,HENRY
beautiful,HENRY,HENRY
gift,HENRY,HENRY
finding,HENRY,HENRY
flow,HENRY,HENRY
county,HENRY,HENRY
actual,HENRY,HENRY
totally,HENRY,HENRY
transfer,HENRY,HENRY
reporter,HENRY,HENRY
rat,HENRY,HENRY
confirm,HENRY,HENRY
push,HENRY,HENRY
cross,HENRY,HENRY
basically,HENRY,HENRY
track,HENRY,HENRY
yesterday,HENRY,HENRY
contribute,HENRY,HENRY
mountain,HENRY,HENRY
hell,HENRY,HENRY
purchase,HENRY,HENRY
mass,HENRY,HENRY
contract,HENRY,HENRY
critical,HENRY,HENRY
nor,HENRY,HENRY
Europe,HENRY,HENRY
throughout,HENRY,HENRY
approximately,HENRY,HENRY
definitely,HENRY,HENRY
anti,HENRY,HENRY
agreement,HENRY,HENRY
civil,HENRY,HENRY
floor,HENRY,HENRY
guide,HENRY,HENRY
Boston,HENRY,HENRY
success,HENRY,HENRY
relatively,HENRY,HENRY
exchange,HENRY,HENRY
mechanism,HENRY,HENRY
coast,HENRY,HENRY
error,HENRY,HENRY
secret,HENRY,HENRY
contribution,HENRY,HENRY
memory,HENRY,HENRY
wash,HENRY,HENRY
James,HENRY,HENRY
mom,HENRY,HENRY
FBUS,HENRY,HENRY
threat,HENRY,HENRY
conference,HENRY,HENRY
environment,HENRY,HENRY
ready,HENRY,HENRY
plot,HENRY,HENRY
selection,HENRY,HENRY
admit,HENRY,HENRY
clean,HENRY,HENRY
opinion,HENRY,HENRY
replace,HENRY,HENRY
reading,HENRY,HENRY
Saturday,HENRY,HENRY
lat,HENRY,HENRY
appeal,HENRY,HENRY
argument,HENRY,HENRY
pathway,HENRY,HENRY
labor,HENRY,HENRY
annual,HENRY,HENRY
grant,HENRY,HENRY
online,HENRY,HENRY
physical,HENRY,HENRY
suspect,HENRY,HENRY
German,HENRY,HENRY
editorial,HENRY,HENRY
DR,HENRY,HENRY
wind,HENRY,HENRY
negative,HENRY,HENRY
ball,HENRY,HENRY
Paul,HENRY,HENRY
responsibility,HENRY,HENRY
array,HENRY,HENRY
combine,HENRY,HENRY
wonderful,HENRY,HENRY
wood,HENRY,HENRY
consumer,HENRY,HENRY
politics,HENRY,HENRY
machine,HENRY,HENRY
neither,HENRY,HENRY
net,HENRY,HENRY
doubt,HENRY,HENRY
whom,HENRY,HENRY
doubles,HENRY,HENRY
ITA,HENRY,HENRY
responsible,HENRY,HENRY
advance,HENRY,HENRY
item,HENRY,HENRY
PCR,HENRY,HENRY
request,HENRY,HENRY
commercial,HENRY,HENRY
bin,HENRY,HENRY
correct,HENRY,HENRY
membrane,HENRY,HENRY
database,HENRY,HENRY
peace,HENRY,HENRY
basic,HENRY,HENRY
democratic,HENRY,HENRY
Atlanta,HENRY,HENRY
user,HENRY,HENRY
tie,HENRY,HENRY
muscle,HENRY,HENRY
quickly,HENRY,HENRY
garden,HENRY,HENRY
flight,HENRY,HENRY
professional,HENRY,HENRY
beat,HENRY,HENRY
therapy,HENRY,HENRY
trust,HENRY,HENRY
Richard,HENRY,HENRY
twice,HENRY,HENRY
otherwise,HENRY,HENRY
traditional,HENRY,HENRY
fast,HENRY,HENRY
facility,HENRY,HENRY
extra,HENRY,HENRY
perfect,HENRY,HENRY
observation,HENRY,HENRY
owner,HENRY,HENRY
ahead,HENRY,HENRY
status,HENRY,HENRY
activation,HENRY,HENRY
schedule,HENRY,HENRY
assess,HENRY,HENRY
extend,HENRY,HENRY
promise,HENRY,HENRY
map,HENRY,HENRY
delivery,HENRY,HENRY
location,HENRY,HENRY
fit,HENRY,HENRY
Brown,HENRY,HENRY
participate,HENRY,HENRY
terrorist,HENRY,HENRY
distance,HENRY,HENRY
wow,HENRY,HENRY
advantage,HENRY,HENRY
rich,HENRY,HENRY
thank,HENRY,HENRY
glass,HENRY,HENRY
discover,HENRY,HENRY
sexual,HENRY,HENRY
customer,HENRY,HENRY
announce,HENRY,HENRY
